{
  "Green Bin": {
    "pixel": [
      189.11038961038966,
      349.1103896103896
    ],
    "pose6d": [
      172.8,
      -226.4,
      107.4,
      93.9,
      -0.83,
      47.41
    ]
  },
  "Blue Bin": {
    "pixel": [
      402.0974025974026,
      347.03246753246754
    ],
    "pose6d": [
      166.7,
      -273.3,
      108.2,
      73.14,
      -1.83,
      12.7
    ]
  }
}