{
    "159.79359436035156,107.68855285644531": [
        81.3,
        -310.6,
        100.0,
        74.31,
        0.13,
        -5.22
    ],
    "270.3938903808594,119.85224914550781": [
        48.4,
        -288.8,
        90.6,
        61.20,
        0.31,
        -0.31
    ],
    "383.7085266113281,132.23886108398438": [
        4.5,
        -300.3,
        88.6,
        66.83,
        -2.73,
        1.21
    ],
    "499.8861083984375,144.2987060546875": [
        -26.7,
        -311.1,
        108.2,
        76.55,
        -0.20,
        1.42
    ],
    "148.444091796875,219.71847534179688": [
        82.3,
        -298.0,
        103.2,
        87.10,
        -2.01,
        1.51
    ],
    "258.41448974609375,232.79917907714844": [
        40.8,
        -298.7,
        99.5,
        89.14,
        0.21,
        1.49
    ],
    "370.1822814941406,246.19219970703125": [
        4.1,
        -308.7,
        104.0,
        89.50,
        -0.47,
        2.01
    ],
    "485.0078125,259.7921447753906": [
        -18.0,
        -300.0,
        98.3,
        89.50,
        -5.60,
        1.68
    ],
    "137.2971649169922,329.8446350097656": [
        91.1,
        -234.4,
        87.1,
        80.69,
        0.68,
        -1.90
    ],
    "245.7341766357422,344.033935546875": [
        51.7,
        -227.0,
        83.4,
        76.81,
        -0.43,
        -4.81
    ],
    "356.9169006347656,358.5277404785156": [
        16.3,
        -223.5,
        83.8,
        75.96,
        -4.82,
        -3.24
    ],
    "470.6573791503906,373.3911437988281": [
        -26.9,
        -227.1,
        86.3,
        76.34,
        -2.03,
        2.63
    ]
}
